{
    "name": "MyMWExtension",
    "author": "Blas",
    "license-name": "GPL-2.0+",
    "version": "0.0.1",
    "namemsg": "myMWExtension",
    "descriptionmsg": "myMWExtension-desc",
    "manifest_version": 1,
    "MessagesDirs": {
        "MyMWExtension": [ "i18n" ]
    },
    "AutoloadClasses": {
        "SpecialMyMWExtension": "specials/SpecialMyMWExtension.php"
    },
    "SpecialPages": {
        "MyMWExtension": "SpecialMyMWExtension"
    },
    "ExtensionMessagesFiles": {
        "MyMWExtensionAlias": "MyMWExtension.alias.php"
    },
    "type": "other"
}
